{"cameraMode":{"drawMode":0,"name":"Shaded","section":"Shading Mode"},"sceneLighting":true,"audioPlay":false,"sceneViewState":{"m_AlwaysRefresh":false,"showFog":true,"showSkybox":true,"showFlares":true,"showImageEffects":true,"showParticleSystems":true,"showVisualEffectGraphs":true,"m_FxEnabled":true},"in2DMode":false,"pivot":{"x":1.301925778388977,"y":10.279708862304688,"z":149.07522583007813},"rotation":{"x":-0.005522686522454023,"y":0.9931115508079529,"z":-0.05249464884400368,"w":-0.10459960997104645},"size":4.184409141540527,"orthographic":false}